{"base_value": 0.00016793143004179, "prediction": 0.6850951910018921, "data": [{"name": "COMP_NEPHROPATHY", "feature_value": 0.9764004197965127, "shap": 0.3201407790184021}, {"name": "MED_SGLT_2_INHIBITORS", "feature_value": 6.2701419157102665, "shap": 0.17123959958553314}, {"name": "Num_Visits", "feature_value": -0.4009130352193497, "shap": 0.16374146938323975}, {"name": "MED_COMBINATION_DRUG", "feature_value": -0.6536771241274479, "shap": 0.10368428379297256}]}