{"admission": 0.27102534770965575, "readmission": 0.3647543966770172}