{"admission": 0.2831661909818649, "readmission": 0.3647543966770172}