{"admission": 0.6873234510421753, "readmission": 0.33935311436653137}