{"admission": 0.6923269033432007, "readmission": 0.34763240814208984}