{
  "lr_admission": 0.6203952976360942,
  "rf_admission": 0.658829258686538,
  "xgb_admission": 0.27102534770965575,
  "lr_readmission": 0.18662077142790673,
  "rf_readmission": 0.4225297775683441,
  "xgb_readmission": 0.3647543966770172,
  "xgb_readmission_noLOS": 0.3537404537200928,
  "lgb_admission": 0.2579297514789384,
  "cb_admission": 0.261923283490965,
  "lgb_readmission": 0.3678639827179366,
  "cb_readmission": 0.34505065525089795
}