{
  "lr_admission": 0.6203952976360942,
  "rf_admission": 0.6663182493559422,
  "xgb_admission": 0.2831661909818649,
  "lr_readmission": 0.18662077142790673,
  "rf_readmission": 0.4225297775683441,
  "xgb_readmission": 0.3647543966770172,
  "xgb_readmission_noLOS": 0.3537404537200928
}